,knowledge,street_smarts,morale,mental_units
0,2278.476401920102,444.22696204806385,-1505.2992532786525,-4340.09406199708
